INSERT INTO Pessoa (CPF, nome) VALUES ('08356724333', 'Orlando Carvalheiro Araujo');
INSERT INTO Pessoa (CPF, nome) VALUES ('09691344955', 'Pablo Manhães Albuquerque');
INSERT INTO Pessoa (CPF, nome) VALUES ('13797737173', 'Nilce Soriano Werneck');
INSERT INTO Pessoa (CPF, nome) VALUES ('14775356160', 'Bruno Terra Vasconcelos');
INSERT INTO Pessoa (CPF, nome) VALUES ('30657209066', 'Brunna Gonçalves Matta');
INSERT INTO Pessoa (CPF, nome) VALUES ('33494247242', 'Valmir Vitorino Marica');
INSERT INTO Pessoa (CPF, nome) VALUES ('33824667592', 'André Marica Wulff');
INSERT INTO Pessoa (CPF, nome) VALUES ('34430159726', 'Gustavo Furtunato Elias');
INSERT INTO Pessoa (CPF, nome) VALUES ('42504331100', 'João Gabriel Campelo Coelho');
INSERT INTO Pessoa (CPF, nome) VALUES ('43207564283', 'Luana Alvarenga Pinheiro');
INSERT INTO Pessoa (CPF, nome) VALUES ('45717442181', 'Yuri Valente de Rodrigues');
INSERT INTO Pessoa (CPF, nome) VALUES ('46447156115', 'Luiza Pontes Milanez');
INSERT INTO Pessoa (CPF, nome) VALUES ('53651168280', 'Andrea Louzano Facre');
INSERT INTO Pessoa (CPF, nome) VALUES ('56146283398', 'Raimundo de Lima Antunes');
INSERT INTO Pessoa (CPF, nome) VALUES ('57533458249', 'Laysa Reis Braga');
INSERT INTO Pessoa (CPF, nome) VALUES ('71726222004', 'Marlyson Pinho Farias');
INSERT INTO Pessoa (CPF, nome) VALUES ('73430056349', 'Vera Cormack Nazare');
INSERT INTO Pessoa (CPF, nome) VALUES ('75882755700', 'Clara Schuenck Brito');
INSERT INTO Pessoa (CPF, nome) VALUES ('83456548001', 'Vanderlina Vasconcelos Barros');
INSERT INTO Pessoa (CPF, nome) VALUES ('99025046126', 'Elenice Gualberto Fernandes');


INSERT INTO CPI (codCPI, nomeCPI) VALUES (24, 'CPI dos Hackers');
INSERT INTO CPI (codCPI, nomeCPI) VALUES (30, 'CPI do Banestado');
INSERT INTO CPI (codCPI, nomeCPI) VALUES (39, 'CPI dos Correios');
INSERT INTO CPI (codCPI, nomeCPI) VALUES (41, 'Anões do Orçamento');
INSERT INTO CPI (codCPI, nomeCPI) VALUES (66, 'CPI dos Bingos');
INSERT INTO CPI (codCPI, nomeCPI) VALUES (92, 'CPI do Judiciário');
INSERT INTO CPI (codCPI, nomeCPI) VALUES (93, 'CPI dos Sanguessugas');


INSERT INTO ProjetoLei (numeroProjetoLei, ano) VALUES (1694, '2017-01-01 00:00:00');
INSERT INTO ProjetoLei (numeroProjetoLei, ano) VALUES (2611, '2019-01-01 00:00:00');
INSERT INTO ProjetoLei (numeroProjetoLei, ano) VALUES (3232, '2022-01-01 00:00:00');
INSERT INTO ProjetoLei (numeroProjetoLei, ano) VALUES (3320, '2018-01-01 00:00:00'); 
INSERT INTO ProjetoLei (numeroProjetoLei, ano) VALUES (4820, '2018-01-01 00:00:00');
INSERT INTO ProjetoLei (numeroProjetoLei, ano) VALUES (5201, '2017-01-01 00:00:00'); 
INSERT INTO ProjetoLei (numeroProjetoLei, ano) VALUES (7207, '2001-01-01 00:00:00');
INSERT INTO ProjetoLei (numeroProjetoLei, ano) VALUES (8173, '2000-01-01 00:00:00');
INSERT INTO ProjetoLei (numeroProjetoLei, ano) VALUES (8777, '2020-01-01 00:00:00');
INSERT INTO ProjetoLei (numeroProjetoLei, ano) VALUES (9348, '2015-01-01 00:00:00');

INSERT INTO Partido (codPartido, nome) VALUES (12, 'Juventude Avante Vai Alcançar');
INSERT INTO Partido (codPartido, nome) VALUES (13, 'Partido dos Trabalhadores');
INSERT INTO Partido (codPartido, nome) VALUES (18, 'Progressistas Humanistas Populistas');
INSERT INTO Partido (codPartido, nome) VALUES (21, 'Movimento Social Libertador');
INSERT INTO Partido (codPartido, nome) VALUES (30, 'Serviço Que Liberta');
INSERT INTO Partido (codPartido, nome) VALUES (42, 'Partido dos Desenvolvedores');
INSERT INTO Partido (codPartido, nome) VALUES (43, 'Partido Verde');
INSERT INTO Partido (codPartido, nome) VALUES (65, 'Partido dos Animais');
INSERT INTO Partido (codPartido, nome) VALUES (77, 'VBA');
INSERT INTO Partido (codPartido, nome) VALUES (80, 'Unidade Popular');


INSERT INTO Poder (codPoder, nome) VALUES (1, 'Executivo');
INSERT INTO Poder (codPoder, nome) VALUES (2, 'Legislativo');
INSERT INTO Poder (codPoder, nome) VALUES (3, 'Judiciário');

INSERT INTO StatusCandidatura (codStatusCandidatura, titulo) VALUES (1, 'Eleito');
INSERT INTO StatusCandidatura (codStatusCandidatura, titulo) VALUES (2, 'Não Eleito');
INSERT INTO StatusCandidatura (codStatusCandidatura, titulo) VALUES (3, 'Cassada');

INSERT INTO Estado (UF, nome, regiao) VALUES ('AC', 'Acre', 'Norte');
INSERT INTO Estado (UF, nome, regiao) VALUES ('AL', 'Alagoas', 'Nordeste');
INSERT INTO Estado (UF, nome, regiao) VALUES ('AM', 'Amazonas', 'Norte');
INSERT INTO Estado (UF, nome, regiao) VALUES ('AP', 'Amapá', 'Norte');
INSERT INTO Estado (UF, nome, regiao) VALUES ('BA', 'Bahia', 'Nordeste');
INSERT INTO Estado (UF, nome, regiao) VALUES ('CE', 'Ceará', 'Nordeste');
INSERT INTO Estado (UF, nome, regiao) VALUES ('ES', 'Espírito Santo', 'Sudeste');
INSERT INTO Estado (UF, nome, regiao) VALUES ('GO', 'Goiás', 'Centro-Oeste');
INSERT INTO Estado (UF, nome, regiao) VALUES ('MA', 'Maranhão', 'Nordeste');
INSERT INTO Estado (UF, nome, regiao) VALUES ('MG', 'Minas Gerais', 'Sudeste');
INSERT INTO Estado (UF, nome, regiao) VALUES ('MS', 'Mato Grosso do Sul', 'Centro-Oeste');
INSERT INTO Estado (UF, nome, regiao) VALUES ('MT', 'Mato Grosso', 'Centro-Oeste');
INSERT INTO Estado (UF, nome, regiao) VALUES ('PA', 'Para', 'Norte');
INSERT INTO Estado (UF, nome, regiao) VALUES ('PB', 'Paraíba', 'Nordeste');
INSERT INTO Estado (UF, nome, regiao) VALUES ('PE', 'Pernanbuco', 'Nordeste');
INSERT INTO Estado (UF, nome, regiao) VALUES ('PI', 'Piauí', 'Nordeste');
INSERT INTO Estado (UF, nome, regiao) VALUES ('PR', 'Paraná', 'Sul');
INSERT INTO Estado (UF, nome, regiao) VALUES ('RJ', 'Rio de Janeiro', 'Sudeste');
INSERT INTO Estado (UF, nome, regiao) VALUES ('RN', 'Rio Grande do Norte', 'Nordeste');
INSERT INTO Estado (UF, nome, regiao) VALUES ('RR', 'Roraima', 'Norte');
INSERT INTO Estado (UF, nome, regiao) VALUES ('RS', 'Rio Grande do Sul', 'Sul');
INSERT INTO Estado (UF, nome, regiao) VALUES ('SC', 'Santa Catarina', 'Sul');
INSERT INTO Estado (UF, nome, regiao) VALUES ('SE', 'Sergipe', 'Nordeste');
INSERT INTO Estado (UF, nome, regiao) VALUES ('SP', 'São Paulo', 'Sudeste');
INSERT INTO Estado (UF, nome, regiao) VALUES ('TO', 'Tocantins', 'Norte');

INSERT INTO Municipio (codMunicipio, nome, UF) VALUES (1, 'Rio de Janeiro', 'RJ');
INSERT INTO Municipio (codMunicipio, nome, UF) VALUES (2, 'São Paulo', 'SP');
INSERT INTO Municipio (codMunicipio, nome, UF) VALUES (3, 'Manaus', 'AM');
INSERT INTO Municipio (codMunicipio, nome, UF) VALUES (4, 'São Luiz', 'MA');
INSERT INTO Municipio (codMunicipio, nome, UF) VALUES (5, 'Salvador', 'BA');
INSERT INTO Municipio (codMunicipio, nome, UF) VALUES (6, 'Fortaleza', 'CE');
INSERT INTO Municipio (codMunicipio, nome, UF) VALUES (7, 'Curitiba', 'PR');
INSERT INTO Municipio (codMunicipio, nome, UF) VALUES (8, 'Belem', 'PA');
INSERT INTO Municipio (codMunicipio, nome, UF) VALUES (9, 'Natal', 'RN');
INSERT INTO Municipio (codMunicipio, nome, UF) VALUES (10, 'Joao Pessoa', 'PB');

INSERT INTO Ministerio (codMinisterio, nomeMinisterio, statusMinisterio) VALUES (101, 'Ministério do Desenvolvedor', 0);
INSERT INTO Ministerio (codMinisterio, nomeMinisterio, statusMinisterio) VALUES (405, 'Ministério do Desenvolvimento Regional', 1);
INSERT INTO Ministerio (codMinisterio, nomeMinisterio, statusMinisterio) VALUES (455, 'Ministério das Comunicações', 0);
INSERT INTO Ministerio (codMinisterio, nomeMinisterio, statusMinisterio) VALUES (529, 'Ministério da Saúde', 1);
INSERT INTO Ministerio (codMinisterio, nomeMinisterio, statusMinisterio) VALUES (643, 'Ministério do Meio Ambiente', 1);
INSERT INTO Ministerio (codMinisterio, nomeMinisterio, statusMinisterio) VALUES (738, 'Ministério da Agricultura', 0);
INSERT INTO Ministerio (codMinisterio, nomeMinisterio, statusMinisterio) VALUES (787, 'Ministério dos Direitos Humanos', 1);
INSERT INTO Ministerio (codMinisterio, nomeMinisterio, statusMinisterio) VALUES (807, 'Ministério da Economia', 1);
INSERT INTO Ministerio (codMinisterio, nomeMinisterio, statusMinisterio) VALUES (813, 'Minitério da Cidadania', 0);
INSERT INTO Ministerio (codMinisterio, nomeMinisterio, statusMinisterio) VALUES (844, 'Ministério do Turismo', 1);
INSERT INTO Ministerio (codMinisterio, nomeMinisterio, statusMinisterio) VALUES (874, 'Ministério da Arte e Cultura', 0);
INSERT INTO Ministerio (codMinisterio, nomeMinisterio, statusMinisterio) VALUES (876, 'Ministério da Defesa', 0);
INSERT INTO Ministerio (codMinisterio, nomeMinisterio, statusMinisterio) VALUES (883, 'Ministério da Educação', 1);
INSERT INTO Ministerio (codMinisterio, nomeMinisterio, statusMinisterio) VALUES (937, 'Ministério da Infraestrutura', 1);
INSERT INTO Ministerio (codMinisterio, nomeMinisterio, statusMinisterio) VALUES (967, 'Ministério das Relações Exteriores', 1);

INSERT INTO Secretaria (codSecretaria, nomeSecretaria, codMinisterio) VALUES (108, 'Fomento e Parcerias com o Setor Privado', 405); --
INSERT INTO Secretaria (codSecretaria, nomeSecretaria, codMinisterio) VALUES (195, 'Secretaria da Educação Superior', 883);
INSERT INTO Secretaria (codSecretaria, nomeSecretaria, codMinisterio) VALUES (206, 'Secretaria Especial do Comércio Exterior', 807);
INSERT INTO Secretaria (codSecretaria, nomeSecretaria, codMinisterio) VALUES (295, 'Secretaria de Políticas para Mulheres', 787);
INSERT INTO Secretaria (codSecretaria, nomeSecretaria, codMinisterio) VALUES (367, 'Habitação', 405);
INSERT INTO Secretaria (codSecretaria, nomeSecretaria, codMinisterio) VALUES (448, 'Secretaria da Educação Básica', 883);
INSERT INTO Secretaria (codSecretaria, nomeSecretaria, codMinisterio) VALUES (457, 'Proteção e Defesa Civil', 405);
INSERT INTO Secretaria (codSecretaria, nomeSecretaria, codMinisterio) VALUES (458, 'Secretaria de Educação Profissional e Tecnológica', 883);
INSERT INTO Secretaria (codSecretaria, nomeSecretaria, codMinisterio) VALUES (479, 'Segurança Hídrica', 405);
INSERT INTO Secretaria (codSecretaria, nomeSecretaria, codMinisterio) VALUES (499, 'Secretaria Nacional da Juventude', 787);
INSERT INTO Secretaria (codSecretaria, nomeSecretaria, codMinisterio) VALUES (615, 'Secretaria Especial de Políticas Públicas e Promoção de Igualdade Racial', 787);
INSERT INTO Secretaria (codSecretaria, nomeSecretaria, codMinisterio) VALUES (823, 'Saneamento Basico', null);
INSERT INTO Secretaria (codSecretaria, nomeSecretaria, codMinisterio) VALUES (881, 'Desenvolvimento Regional e Urbano', 405);
INSERT INTO Secretaria (codSecretaria, nomeSecretaria, codMinisterio) VALUES (932, 'Secretaria Especial da Receita Federal do Brasil', 807); --
INSERT INTO Secretaria (codSecretaria, nomeSecretaria, codMinisterio) VALUES (986, 'Saneamento', 405);
INSERT INTO Secretaria (codSecretaria, nomeSecretaria, codMinisterio) VALUES (1001, 'Infraestrutura Basica', null);
INSERT INTO Secretaria (codSecretaria, nomeSecretaria, codMinisterio) VALUES (1002, 'Sistemas de Informação', null); --
INSERT INTO Secretaria (codSecretaria, nomeSecretaria, codMinisterio) VALUES (1003, 'Banco de Dados da Informação', null);


INSERT INTO CargoPolitico (codCargoPolitico, UF, salario, nome, codPoder, codMunicipio) VALUES (2, null, 30934.7, 'Presidente', 1, null);
INSERT INTO CargoPolitico (codCargoPolitico, UF, salario, nome, codPoder, codMunicipio) VALUES (3, null, 24341.5, 'Vice-Presidente', 1, null);
INSERT INTO CargoPolitico (codCargoPolitico, UF, salario, nome, codPoder, codMunicipio) VALUES (4, 'RJ', 23048.6, 'Governador', 1, null);
INSERT INTO CargoPolitico (codCargoPolitico, UF, salario, nome, codPoder, codMunicipio) VALUES (5, 'RJ', 21896.3, 'Vice-Governador', 1, null);
INSERT INTO CargoPolitico (codCargoPolitico, UF, salario, nome, codPoder, codMunicipio) VALUES (6, 'RJ', 20562.8, 'Prefeito', 1, 1);
INSERT INTO CargoPolitico (codCargoPolitico, UF, salario, nome, codPoder, codMunicipio) VALUES (7, 'RJ', 7529.64, 'Vice-Prefeito', 1, 1);
INSERT INTO CargoPolitico (codCargoPolitico, UF, salario, nome, codPoder, codMunicipio) VALUES (8, 'RJ', 25322.2, 'Deputado Estadual', 2, 1);
INSERT INTO CargoPolitico (codCargoPolitico, UF, salario, nome, codPoder, codMunicipio) VALUES (9, 'RJ', 33763, 'Deputado Federal', 2, 1);
INSERT INTO CargoPolitico (codCargoPolitico, UF, salario, nome, codPoder, codMunicipio) VALUES (10, 'RJ', 14346.7, 'Vereador', 2, 1);
INSERT INTO CargoPolitico (codCargoPolitico, UF, salario, nome, codPoder, codMunicipio) VALUES (11, 'RJ', 12722.7, 'Senador', 2, 1);
INSERT INTO CargoPolitico (codCargoPolitico, UF, salario, nome, codPoder, codMunicipio) VALUES (13, 'SP', 22048.6, 'Governador', 1, null);
INSERT INTO CargoPolitico (codCargoPolitico, UF, salario, nome, codPoder, codMunicipio) VALUES (14, 'SP', 22896.3, 'Vice-Governador', 1, null);
INSERT INTO CargoPolitico (codCargoPolitico, UF, salario, nome, codPoder, codMunicipio) VALUES (15, 'SP', 23562.8, 'Prefeito', 1, 2);
INSERT INTO CargoPolitico (codCargoPolitico, UF, salario, nome, codPoder, codMunicipio) VALUES (16, 'SP', 7429.64, 'Vice-Prefeito', 1, 2);
INSERT INTO CargoPolitico (codCargoPolitico, UF, salario, nome, codPoder, codMunicipio) VALUES (17, 'SP', 25322.2, 'Deputado Estadual', 2, 2);
INSERT INTO CargoPolitico (codCargoPolitico, UF, salario, nome, codPoder, codMunicipio) VALUES (18, 'SP', 35763, 'Deputado Federal', 2, 2);
INSERT INTO CargoPolitico (codCargoPolitico, UF, salario, nome, codPoder, codMunicipio) VALUES (19, 'SP', 11346.7, 'Vereador', 2, 2);
INSERT INTO CargoPolitico (codCargoPolitico, UF, salario, nome, codPoder, codMunicipio) VALUES (20, 'SP', 14722.7, 'Senador', 2, 2);
INSERT INTO CargoPolitico (codCargoPolitico, UF, salario, nome, codPoder, codMunicipio) VALUES (21, 'AM', 23048.6, 'Governador', 1, null);
INSERT INTO CargoPolitico (codCargoPolitico, UF, salario, nome, codPoder, codMunicipio) VALUES (22, 'AM', 23896.3, 'Vice-Governador', 1, null);
INSERT INTO CargoPolitico (codCargoPolitico, UF, salario, nome, codPoder, codMunicipio) VALUES (23, 'AM', 23562.8, 'Prefeito', 1, 3);
INSERT INTO CargoPolitico (codCargoPolitico, UF, salario, nome, codPoder, codMunicipio) VALUES (24, 'AM', 7329.64, 'Vice-Prefeito', 1, 3);
INSERT INTO CargoPolitico (codCargoPolitico, UF, salario, nome, codPoder, codMunicipio) VALUES (25, 'AM', 23322.2, 'Deputado Estadual', 2, 3);
INSERT INTO CargoPolitico (codCargoPolitico, UF, salario, nome, codPoder, codMunicipio) VALUES (26, 'AM', 33763, 'Deputado Federal', 2, 3);
INSERT INTO CargoPolitico (codCargoPolitico, UF, salario, nome, codPoder, codMunicipio) VALUES (27, 'AM', 13346.7, 'Vereador', 2, 3);
INSERT INTO CargoPolitico (codCargoPolitico, UF, salario, nome, codPoder, codMunicipio) VALUES (28, 'AM', 13722.7, 'Senador', 2, 3);
INSERT INTO CargoPolitico (codCargoPolitico, UF, salario, nome, codPoder, codMunicipio) VALUES (29, 'MA', 24048.6, 'Governador', 1, null);
INSERT INTO CargoPolitico (codCargoPolitico, UF, salario, nome, codPoder, codMunicipio) VALUES (30, 'MA', 24896.3, 'Vice-Governador', 1, null);
INSERT INTO CargoPolitico (codCargoPolitico, UF, salario, nome, codPoder, codMunicipio) VALUES (31, 'MA', 24562.8, 'Prefeito', 1, 4);
INSERT INTO CargoPolitico (codCargoPolitico, UF, salario, nome, codPoder, codMunicipio) VALUES (32, 'MA', 7429.64, 'Vice-Prefeito', 1, 4);
INSERT INTO CargoPolitico (codCargoPolitico, UF, salario, nome, codPoder, codMunicipio) VALUES (33, 'MA', 24322.2, 'Deputado Estadual', 2, 4);
INSERT INTO CargoPolitico (codCargoPolitico, UF, salario, nome, codPoder, codMunicipio) VALUES (34, 'MA', 34763, 'Deputado Federal', 2, 4);
INSERT INTO CargoPolitico (codCargoPolitico, UF, salario, nome, codPoder, codMunicipio) VALUES (35, 'MA', 14346.7, 'Vereador', 2, 4);
INSERT INTO CargoPolitico (codCargoPolitico, UF, salario, nome, codPoder, codMunicipio) VALUES (36, 'MA', 14722.7, 'Senador', 2, 4);
INSERT INTO CargoPolitico (codCargoPolitico, UF, salario, nome, codPoder, codMunicipio) VALUES (37, 'BA', 25048.6, 'Governador', 1, null);
INSERT INTO CargoPolitico (codCargoPolitico, UF, salario, nome, codPoder, codMunicipio) VALUES (38, 'BA', 25896.3, 'Vice-Governador', 1, null);
INSERT INTO CargoPolitico (codCargoPolitico, UF, salario, nome, codPoder, codMunicipio) VALUES (39, 'BA', 25562.8, 'Prefeito', 1, 5);
INSERT INTO CargoPolitico (codCargoPolitico, UF, salario, nome, codPoder, codMunicipio) VALUES (40, 'BA', 7529.64, 'Vice-Prefeito', 1, 5);
INSERT INTO CargoPolitico (codCargoPolitico, UF, salario, nome, codPoder, codMunicipio) VALUES (41, 'BA', 25322.2, 'Deputado Estadual', 2, 5);
INSERT INTO CargoPolitico (codCargoPolitico, UF, salario, nome, codPoder, codMunicipio) VALUES (42, 'BA', 35763, 'Deputado Federal', 2, 5);
INSERT INTO CargoPolitico (codCargoPolitico, UF, salario, nome, codPoder, codMunicipio) VALUES (43, 'BA', 15346.7, 'Vereador', 2, 5);
INSERT INTO CargoPolitico (codCargoPolitico, UF, salario, nome, codPoder, codMunicipio) VALUES (44, 'BA', 15722.7, 'Senador', 2, 5);
INSERT INTO CargoPolitico (codCargoPolitico, UF, salario, nome, codPoder, codMunicipio) VALUES (45, 'CE', 26048.6, 'Governador', 1, null);
INSERT INTO CargoPolitico (codCargoPolitico, UF, salario, nome, codPoder, codMunicipio) VALUES (46, 'CE', 26896.3, 'Vice-Governador', 1, null);
INSERT INTO CargoPolitico (codCargoPolitico, UF, salario, nome, codPoder, codMunicipio) VALUES (47, 'CE', 26562.8, 'Prefeito', 1, 6);
INSERT INTO CargoPolitico (codCargoPolitico, UF, salario, nome, codPoder, codMunicipio) VALUES (48, 'CE', 7629.64, 'Vice-Prefeito', 1, 6);
INSERT INTO CargoPolitico (codCargoPolitico, UF, salario, nome, codPoder, codMunicipio) VALUES (49, 'CE', 26322.2, 'Deputado Estadual', 2, 6);
INSERT INTO CargoPolitico (codCargoPolitico, UF, salario, nome, codPoder, codMunicipio) VALUES (50, 'CE', 36763, 'Deputado Federal', 2, 6);
INSERT INTO CargoPolitico (codCargoPolitico, UF, salario, nome, codPoder, codMunicipio) VALUES (51, 'CE', 16346.7, 'Vereador', 2, 6);
INSERT INTO CargoPolitico (codCargoPolitico, UF, salario, nome, codPoder, codMunicipio) VALUES (52, 'CE', 16722.7, 'Senador', 2, 6);
INSERT INTO CargoPolitico (codCargoPolitico, UF, salario, nome, codPoder, codMunicipio) VALUES (53, 'PR', 27048.6, 'Governador', 1, null);
INSERT INTO CargoPolitico (codCargoPolitico, UF, salario, nome, codPoder, codMunicipio) VALUES (54, 'PR', 27896.3, 'Vice-Governador', 1, null);
INSERT INTO CargoPolitico (codCargoPolitico, UF, salario, nome, codPoder, codMunicipio) VALUES (55, 'PR', 27562.8, 'Prefeito', 1, 7);
INSERT INTO CargoPolitico (codCargoPolitico, UF, salario, nome, codPoder, codMunicipio) VALUES (56, 'PR', 7729.64, 'Vice-Prefeito', 1, 7);
INSERT INTO CargoPolitico (codCargoPolitico, UF, salario, nome, codPoder, codMunicipio) VALUES (57, 'PR', 27322.2, 'Deputado Estadual', 2, 7);
INSERT INTO CargoPolitico (codCargoPolitico, UF, salario, nome, codPoder, codMunicipio) VALUES (58, 'PR', 37763, 'Deputado Federal', 2, 7);
INSERT INTO CargoPolitico (codCargoPolitico, UF, salario, nome, codPoder, codMunicipio) VALUES (59, 'PR', 17346.7, 'Vereador', 2, 7);
INSERT INTO CargoPolitico (codCargoPolitico, UF, salario, nome, codPoder, codMunicipio) VALUES (60, 'PR', 17722.7, 'Senador', 2, 7);
INSERT INTO CargoPolitico (codCargoPolitico, UF, salario, nome, codPoder, codMunicipio) VALUES (61, 'PA', 28048.6, 'Governador', 1, null);
INSERT INTO CargoPolitico (codCargoPolitico, UF, salario, nome, codPoder, codMunicipio) VALUES (62, 'PA', 28896.3, 'Vice-Governador', 1, null);
INSERT INTO CargoPolitico (codCargoPolitico, UF, salario, nome, codPoder, codMunicipio) VALUES (63, 'PA', 28562.8, 'Prefeito', 1, 8);
INSERT INTO CargoPolitico (codCargoPolitico, UF, salario, nome, codPoder, codMunicipio) VALUES (64, 'PA', 7829.64, 'Vice-Prefeito', 1, 8);
INSERT INTO CargoPolitico (codCargoPolitico, UF, salario, nome, codPoder, codMunicipio) VALUES (65, 'PA', 28322.2, 'Deputado Estadual', 2, 8);
INSERT INTO CargoPolitico (codCargoPolitico, UF, salario, nome, codPoder, codMunicipio) VALUES (66, 'PA', 38763, 'Deputado Federal', 2, 8);
INSERT INTO CargoPolitico (codCargoPolitico, UF, salario, nome, codPoder, codMunicipio) VALUES (67, 'PA', 18346.7, 'Vereador', 2, 8);
INSERT INTO CargoPolitico (codCargoPolitico, UF, salario, nome, codPoder, codMunicipio) VALUES (68, 'PA', 18722.7, 'Senador', 2, 8);
INSERT INTO CargoPolitico (codCargoPolitico, UF, salario, nome, codPoder, codMunicipio) VALUES (69, 'RN', 29048.6, 'Governador', 1, null);
INSERT INTO CargoPolitico (codCargoPolitico, UF, salario, nome, codPoder, codMunicipio) VALUES (70, 'RN', 29896.3, 'Vice-Governador', 1, null);
INSERT INTO CargoPolitico (codCargoPolitico, UF, salario, nome, codPoder, codMunicipio) VALUES (71, 'RN', 29562.8, 'Prefeito', 1, 9);
INSERT INTO CargoPolitico (codCargoPolitico, UF, salario, nome, codPoder, codMunicipio) VALUES (72, 'RN', 7929.64, 'Vice-Prefeito', 1, 9);
INSERT INTO CargoPolitico (codCargoPolitico, UF, salario, nome, codPoder, codMunicipio) VALUES (73, 'RN', 29322.2, 'Deputado Estadual', 2, 9);
INSERT INTO CargoPolitico (codCargoPolitico, UF, salario, nome, codPoder, codMunicipio) VALUES (74, 'RN', 39763, 'Deputado Federal', 2, 9);
INSERT INTO CargoPolitico (codCargoPolitico, UF, salario, nome, codPoder, codMunicipio) VALUES (75, 'RN', 19346.7, 'Vereador', 2, 9);
INSERT INTO CargoPolitico (codCargoPolitico, UF, salario, nome, codPoder, codMunicipio) VALUES (76, 'RN', 19722.7, 'Senador', 2, 9);
INSERT INTO CargoPolitico (codCargoPolitico, UF, salario, nome, codPoder, codMunicipio) VALUES (77, 'PB', 29048.6, 'Governador', 1, null);
INSERT INTO CargoPolitico (codCargoPolitico, UF, salario, nome, codPoder, codMunicipio) VALUES (78, 'PB', 29896.3, 'Vice-Governador', 1, null);
INSERT INTO CargoPolitico (codCargoPolitico, UF, salario, nome, codPoder, codMunicipio) VALUES (79, 'PB', 29562.8, 'Prefeito', 1, 10);
INSERT INTO CargoPolitico (codCargoPolitico, UF, salario, nome, codPoder, codMunicipio) VALUES (80, 'PB', 7929.64, 'Vice-Prefeito', 1, 10);
INSERT INTO CargoPolitico (codCargoPolitico, UF, salario, nome, codPoder, codMunicipio) VALUES (81, 'PB', 29322.2, 'Deputado Estadual', 2, 10);
INSERT INTO CargoPolitico (codCargoPolitico, UF, salario, nome, codPoder, codMunicipio) VALUES (82, 'PB', 39763, 'Deputado Federal', 2, 10);
INSERT INTO CargoPolitico (codCargoPolitico, UF, salario, nome, codPoder, codMunicipio) VALUES (83, 'PB', 19346.7, 'Vereador', 2, 10);
INSERT INTO CargoPolitico (codCargoPolitico, UF, salario, nome, codPoder, codMunicipio) VALUES (84, 'PB', 19722.7, 'Senador', 2, 10);


INSERT INTO Governo (codGoverno, tipoGoverno, dataFimGoverno, dataInicioGoverno, codPoder) VALUES (1, 'Federal', '2026-12-31 23:59:59', '2023-01-01 00:00:00', 1);
INSERT INTO Governo (codGoverno, tipoGoverno, dataFimGoverno, dataInicioGoverno, codPoder) VALUES (2, 'Federal', '2022-12-31 23:59:59', '2019-01-01 00:00:00', 1);
INSERT INTO Governo (codGoverno, tipoGoverno, dataFimGoverno, dataInicioGoverno, codPoder) VALUES (3, 'Federal', '2018-12-31 23:59:59', '2015-01-01 00:00:00', 1);
INSERT INTO Governo (codGoverno, tipoGoverno, dataFimGoverno, dataInicioGoverno, codPoder) VALUES (4, 'Federal', '2014-12-31 23:59:59', '2011-01-01 00:00:00', 1);
INSERT INTO Governo (codGoverno, tipoGoverno, dataFimGoverno, dataInicioGoverno, codPoder) VALUES (5, 'Federal', '2010-12-31 23:59:59', '2007-01-01 00:00:00', 1);
INSERT INTO Governo (codGoverno, tipoGoverno, dataFimGoverno, dataInicioGoverno, codPoder) VALUES (6, 'Federal', '2006-12-31 23:59:59', '2003-01-01 00:00:00', 1);
INSERT INTO Governo (codGoverno, tipoGoverno, dataFimGoverno, dataInicioGoverno, codPoder) VALUES (7, 'Federal', '2002-12-31 23:59:59', '1999-01-01 00:00:00', 1);
INSERT INTO Governo (codGoverno, tipoGoverno, dataFimGoverno, dataInicioGoverno, codPoder) VALUES (8, 'Estadual', '2026-12-31 23:59:59', '2023-01-01 00:00:00', 1);
INSERT INTO Governo (codGoverno, tipoGoverno, dataFimGoverno, dataInicioGoverno, codPoder) VALUES (9, 'Estadual', '2022-12-31 23:59:59', '2019-01-01 00:00:00', 1);
INSERT INTO Governo (codGoverno, tipoGoverno, dataFimGoverno, dataInicioGoverno, codPoder) VALUES (10, 'Estadual', '2018-12-31 23:59:59', '2015-01-01 00:00:00', 1);
INSERT INTO Governo (codGoverno, tipoGoverno, dataFimGoverno, dataInicioGoverno, codPoder) VALUES (11, 'Estadual', '2014-12-31 23:59:59', '2011-01-01 00:00:00', 1);
INSERT INTO Governo (codGoverno, tipoGoverno, dataFimGoverno, dataInicioGoverno, codPoder) VALUES (12, 'Estadual', '2010-12-31 23:59:59', '2007-01-01 00:00:00', 1);
INSERT INTO Governo (codGoverno, tipoGoverno, dataFimGoverno, dataInicioGoverno, codPoder) VALUES (13, 'Estadual', '2006-12-31 23:59:59', '2003-01-01 00:00:00', 1);
INSERT INTO Governo (codGoverno, tipoGoverno, dataFimGoverno, dataInicioGoverno, codPoder) VALUES (14, 'Estadual', '2002-12-31 23:59:59', '1999-01-01 00:00:00', 1);
INSERT INTO Governo (codGoverno, tipoGoverno, dataFimGoverno, dataInicioGoverno, codPoder) VALUES (15, 'Municipal', '2025-12-31 23:59:59', '2021-01-01 00:00:00', 1);


INSERT INTO GovernoMinisterio (codGoverno, codMinisterio) VALUES (1, 101);
INSERT INTO GovernoMinisterio (codGoverno, codMinisterio) VALUES (1, 405);
INSERT INTO GovernoMinisterio (codGoverno, codMinisterio) VALUES (1, 455);
INSERT INTO GovernoMinisterio (codGoverno, codMinisterio) VALUES (1, 529);
INSERT INTO GovernoMinisterio (codGoverno, codMinisterio) VALUES (1, 643);
INSERT INTO GovernoMinisterio (codGoverno, codMinisterio) VALUES (1, 738);
INSERT INTO GovernoMinisterio (codGoverno, codMinisterio) VALUES (1, 787);
INSERT INTO GovernoMinisterio (codGoverno, codMinisterio) VALUES (1, 807);
INSERT INTO GovernoMinisterio (codGoverno, codMinisterio) VALUES (1, 813);
INSERT INTO GovernoMinisterio (codGoverno, codMinisterio) VALUES (1, 844);
INSERT INTO GovernoMinisterio (codGoverno, codMinisterio) VALUES (1, 874);
INSERT INTO GovernoMinisterio (codGoverno, codMinisterio) VALUES (1, 876);
INSERT INTO GovernoMinisterio (codGoverno, codMinisterio) VALUES (1, 883);
INSERT INTO GovernoMinisterio (codGoverno, codMinisterio) VALUES (1, 937);
INSERT INTO GovernoMinisterio (codGoverno, codMinisterio) VALUES (1, 967);


INSERT INTO GovernoSecretaria (codGoverno, codSecretaria) VALUES (15, 823);
INSERT INTO GovernoSecretaria (codGoverno, codSecretaria) VALUES (15, 1001);
INSERT INTO GovernoSecretaria (codGoverno, codSecretaria) VALUES (15, 1002);
INSERT INTO GovernoSecretaria (codGoverno, codSecretaria) VALUES (15, 1003);


INSERT INTO OrcamentoAnual (codOrcamentoAnual, ano, nome, codMinisterio, codSecretaria, valorMinisterio, valorSecretaria) VALUES (1967, '2015-01-01 00:00:00', 'Educação', 883, null, 5000000, null);
INSERT INTO OrcamentoAnual (codOrcamentoAnual, ano, nome, codMinisterio, codSecretaria, valorMinisterio, valorSecretaria) VALUES (2085, '2002-01-01 00:00:00', 'Saúde', 529, null, 203844993000, null);
INSERT INTO OrcamentoAnual (codOrcamentoAnual, ano, nome, codMinisterio, codSecretaria, valorMinisterio, valorSecretaria) VALUES (3588, '2015-01-01 00:00:00', 'Transporte', 937, null, 892348990, null);
INSERT INTO OrcamentoAnual (codOrcamentoAnual, ano, nome, codMinisterio, codSecretaria, valorMinisterio, valorSecretaria) VALUES (4810, '2013-01-01 00:00:00', 'Educação', 883, null, 145761993000, null);
INSERT INTO OrcamentoAnual (codOrcamentoAnual, ano, nome, codMinisterio, codSecretaria, valorMinisterio, valorSecretaria) VALUES (5023, '2012-01-01 00:00:00', 'Receita', null, 932, null, 282233984); 
INSERT INTO OrcamentoAnual (codOrcamentoAnual, ano, nome, codMinisterio, codSecretaria, valorMinisterio, valorSecretaria) VALUES (5749, '2002-01-01 00:00:00', 'Informação', null, 1002, null, 23562100); 
INSERT INTO OrcamentoAnual (codOrcamentoAnual, ano, nome, codMinisterio, codSecretaria, valorMinisterio, valorSecretaria) VALUES (6744, '2003-01-01 00:00:00', 'Privado', null, 108, null, 42850200);
INSERT INTO OrcamentoAnual (codOrcamentoAnual, ano, nome, codMinisterio, codSecretaria, valorMinisterio, valorSecretaria) VALUES (7612, '2015-01-01 00:00:00', 'Saneamento', null, 986, null, 37283900);
INSERT INTO OrcamentoAnual (codOrcamentoAnual, ano, nome, codMinisterio, codSecretaria, valorMinisterio, valorSecretaria) VALUES (7943, '2013-01-01 00:00:00', 'Transporte', 937, null, 2395229950, null);
INSERT INTO OrcamentoAnual (codOrcamentoAnual, ano, nome, codMinisterio, codSecretaria, valorMinisterio, valorSecretaria) VALUES (9648, '2003-01-01 00:00:00', 'Saúde', null, 499, null, 1289300);


INSERT INTO AgentePolitico (CPF, codPartido, codMinisterio, codSecretaria, codGoverno, codCargoPolitico, funcaoMinisterio, funcaoSecretaria) VALUES ('08356724333', 12, null, null, 15, 6, null, null);
INSERT INTO AgentePolitico (CPF, codPartido, codMinisterio, codSecretaria, codGoverno, codCargoPolitico, funcaoMinisterio, funcaoSecretaria) VALUES ('14775356160', 65, null, null, 10, 8, null, null);
INSERT INTO AgentePolitico (CPF, codPartido, codMinisterio, codSecretaria, codGoverno, codCargoPolitico, funcaoMinisterio, funcaoSecretaria) VALUES ('30657209066', 18, null, 108, null, null, null, 'Diretor');
INSERT INTO AgentePolitico (CPF, codPartido, codMinisterio, codSecretaria, codGoverno, codCargoPolitico, funcaoMinisterio, funcaoSecretaria) VALUES ('33494247242', 13, null, null, 1, 2, null, null);
INSERT INTO AgentePolitico (CPF, codPartido, codMinisterio, codSecretaria, codGoverno, codCargoPolitico, funcaoMinisterio, funcaoSecretaria) VALUES ('34430159726', 18, 405, null, null, null, 'Diretor', null);
INSERT INTO AgentePolitico (CPF, codPartido, codMinisterio, codSecretaria, codGoverno, codCargoPolitico, funcaoMinisterio, funcaoSecretaria) VALUES ('45717442181', 12, null, null, 3, 50, null, null);
INSERT INTO AgentePolitico (CPF, codPartido, codMinisterio, codSecretaria, codGoverno, codCargoPolitico, funcaoMinisterio, funcaoSecretaria) VALUES ('53651168280', 18, 405, null, null, null, 'Vice-Diretor', null);
INSERT INTO AgentePolitico (CPF, codPartido, codMinisterio, codSecretaria, codGoverno, codCargoPolitico, funcaoMinisterio, funcaoSecretaria) VALUES ('73430056349', 77, null, null, 7, 2, null, null); 
INSERT INTO AgentePolitico (CPF, codPartido, codMinisterio, codSecretaria, codGoverno, codCargoPolitico, funcaoMinisterio, funcaoSecretaria) VALUES ('99025046126', 18, null, 367, null, null, null, 'Vice-Diretor');
INSERT INTO AgentePolitico (CPF, codPartido, codMinisterio, codSecretaria, codGoverno, codCargoPolitico, funcaoMinisterio, funcaoSecretaria) VALUES ('75882755700', 30, null, null, 4, 50, null, null);
INSERT INTO AgentePolitico (CPF, codPartido, codMinisterio, codSecretaria, codGoverno, codCargoPolitico, funcaoMinisterio, funcaoSecretaria) VALUES ('43207564283', 13, null, null, 9, 29, null, null);
INSERT INTO AgentePolitico (CPF, codPartido, codMinisterio, codSecretaria, codGoverno, codCargoPolitico, funcaoMinisterio, funcaoSecretaria) VALUES ('71726222004', 18, null, null, null, 50, null, null);
INSERT INTO AgentePolitico (CPF, codPartido, codMinisterio, codSecretaria, codGoverno, codCargoPolitico, funcaoMinisterio, funcaoSecretaria) VALUES ('57533458249', 80, null, null, null, 29, null, null);
INSERT INTO AgentePolitico (CPF, codPartido, codMinisterio, codSecretaria, codGoverno, codCargoPolitico, funcaoMinisterio, funcaoSecretaria) VALUES ('83456548001', 30, null, null, null, 2, null, null);



INSERT INTO GovernoOrcamentoAnual (codGoverno, codOrcamentoAnual) VALUES (1, 1967);
INSERT INTO GovernoOrcamentoAnual (codGoverno, codOrcamentoAnual) VALUES (1, 2085);
INSERT INTO GovernoOrcamentoAnual (codGoverno, codOrcamentoAnual) VALUES (1, 3588);
INSERT INTO GovernoOrcamentoAnual (codGoverno, codOrcamentoAnual) VALUES (1, 4810);
INSERT INTO GovernoOrcamentoAnual (codGoverno, codOrcamentoAnual) VALUES (1, 5023);
INSERT INTO GovernoOrcamentoAnual (codGoverno, codOrcamentoAnual) VALUES (1, 5749);
INSERT INTO GovernoOrcamentoAnual (codGoverno, codOrcamentoAnual) VALUES (1, 6744);
INSERT INTO GovernoOrcamentoAnual (codGoverno, codOrcamentoAnual) VALUES (1, 7612);
INSERT INTO GovernoOrcamentoAnual (codGoverno, codOrcamentoAnual) VALUES (1, 7943);
INSERT INTO GovernoOrcamentoAnual (codGoverno, codOrcamentoAnual) VALUES (1, 9648);


INSERT INTO ServidorPublico (CPF, salario, codMinisterio, codSecretaria, funcaoSecretaria, funcaoMinisterio) VALUES ('09691344955', 4418.0, 844, null, null, 'Diretor');
INSERT INTO ServidorPublico (CPF, salario, codMinisterio, codSecretaria, funcaoSecretaria, funcaoMinisterio) VALUES ('33824667592', 9413.8, 807, null, null, 'Assessor');
INSERT INTO ServidorPublico (CPF, salario, codMinisterio, codSecretaria, funcaoSecretaria, funcaoMinisterio) VALUES ('42504331100', 9677.1, 529, null, null, 'Chefe de Divisão');
INSERT INTO ServidorPublico (CPF, salario, codMinisterio, codSecretaria, funcaoSecretaria, funcaoMinisterio) VALUES ('56146283398', 6713.5, null, 932, 'Vice-Diretor', null);
INSERT INTO ServidorPublico (CPF, salario, codMinisterio, codSecretaria, funcaoSecretaria, funcaoMinisterio) VALUES ('13797737173', 8680.7, null, 1002, 'Diretor', null);
INSERT INTO ServidorPublico (CPF, salario, codMinisterio, codSecretaria, funcaoSecretaria, funcaoMinisterio) VALUES ('46447156115', 6278.8, null, 108,'Assessor', null);


INSERT INTO Candidatura (CPF, ano, codCandidatura, codStatusCandidatura, numeroCandidato, CodCargoPolitico) VALUES ('08356724333', '2020-01-01 00:00:00', 1, 1, '1201', 6);
INSERT INTO Candidatura (CPF, ano, codCandidatura, codStatusCandidatura, numeroCandidato, CodCargoPolitico) VALUES ('45717442181', '2014-01-01 00:00:00', 2, 1, '1230', 50); 
INSERT INTO Candidatura (CPF, ano, codCandidatura, codStatusCandidatura, numeroCandidato, CodCargoPolitico) VALUES ('75882755700', '2010-01-01 00:00:00', 3, 1, '3013', 50); 
INSERT INTO Candidatura (CPF, ano, codCandidatura, codStatusCandidatura, numeroCandidato, CodCargoPolitico) VALUES ('14775356160', '2014-01-01 00:00:00', 4, 1, '65201', 8);
INSERT INTO Candidatura (CPF, ano, codCandidatura, codStatusCandidatura, numeroCandidato, CodCargoPolitico) VALUES ('43207564283', '2018-01-01 00:00:00', 5, 1, '13', 29); 
INSERT INTO Candidatura (CPF, ano, codCandidatura, codStatusCandidatura, numeroCandidato, CodCargoPolitico) VALUES ('33494247242', '2022-01-01 00:00:00', 6, 1, '13', 2);
INSERT INTO Candidatura (CPF, ano, codCandidatura, codStatusCandidatura, numeroCandidato, CodCargoPolitico) VALUES ('73430056349', '1998-01-01 00:00:00', 7, 3, '77', 2); 
INSERT INTO Candidatura (CPF, ano, codCandidatura, codStatusCandidatura, numeroCandidato, CodCargoPolitico) VALUES ('71726222004', '2016-01-01 00:00:00', 8, 2, '5050', 50); 
INSERT INTO Candidatura (CPF, ano, codCandidatura, codStatusCandidatura, numeroCandidato, CodCargoPolitico) VALUES ('57533458249', '2018-01-01 00:00:00', 9, 2, '80', 29); 
INSERT INTO Candidatura (CPF, ano, codCandidatura, codStatusCandidatura, numeroCandidato, CodCargoPolitico) VALUES ('83456548001', '2022-01-01 00:00:00', 10, 2, '30', 2); 

INSERT INTO CandidaturaCPI (codCandidatura, codCPI) VALUES (1, 24);
INSERT INTO CandidaturaCPI (codCandidatura, codCPI) VALUES (7, 24);
INSERT INTO CandidaturaCPI (codCandidatura, codCPI) VALUES (7, 66);
INSERT INTO CandidaturaCPI (codCandidatura, codCPI) VALUES (4, 66);
INSERT INTO CandidaturaCPI (codCandidatura, codCPI) VALUES (3, 92);
INSERT INTO CandidaturaCPI (codCandidatura, codCPI) VALUES (1, 41);
INSERT INTO CandidaturaCPI (codCandidatura, codCPI) VALUES (5, 39);


INSERT INTO CandidaturaProjetoLei (codCandidatura, numeroProjetoLei) VALUES (7, 7207);
INSERT INTO CandidaturaProjetoLei (codCandidatura, numeroProjetoLei) VALUES (7, 8173);
INSERT INTO CandidaturaProjetoLei (codCandidatura, numeroProjetoLei) VALUES (1, 3232);
INSERT INTO CandidaturaProjetoLei (codCandidatura, numeroProjetoLei) VALUES (2, 1694);
INSERT INTO CandidaturaProjetoLei (codCandidatura, numeroProjetoLei) VALUES (2, 3320);
INSERT INTO CandidaturaProjetoLei (codCandidatura, numeroProjetoLei) VALUES (2, 4820);
INSERT INTO CandidaturaProjetoLei (codCandidatura, numeroProjetoLei) VALUES (2, 5201);
INSERT INTO CandidaturaProjetoLei (codCandidatura, numeroProjetoLei) VALUES (2, 9348);
INSERT INTO CandidaturaProjetoLei (codCandidatura, numeroProjetoLei) VALUES (4, 1694);
INSERT INTO CandidaturaProjetoLei (codCandidatura, numeroProjetoLei) VALUES (4, 3320);
INSERT INTO CandidaturaProjetoLei (codCandidatura, numeroProjetoLei) VALUES (4, 4820);
INSERT INTO CandidaturaProjetoLei (codCandidatura, numeroProjetoLei) VALUES (4, 5201);
INSERT INTO CandidaturaProjetoLei (codCandidatura, numeroProjetoLei) VALUES (4, 9348);
INSERT INTO CandidaturaProjetoLei (codCandidatura, numeroProjetoLei) VALUES (5, 3232);
INSERT INTO CandidaturaProjetoLei (codCandidatura, numeroProjetoLei) VALUES (5, 8777);
